﻿Designator,Footprint,Quantity,Value,LCSC Part #
BT1,BatteryHolder_Keystone_1060_1x2032,1,Battery_Cell,
C1,0402,1,1u,
"C10, C11, C12, C13, C14, C2, C5, C6, C9",0402,9,100n,
"C15, C16",0402,2,2u2,
"C17, C18, C19",0402,3,2.2u,
C3,0402,1,22u,
C4,0402,1,10u,
"C7, C8",0402,2,15p,
"D1, D3, D4",0603,3,LED,
F2,1210,1,Fuse_Small,
J1,USB_C_Receptacle_G-Switch_GT-USB-7010ASV,1,USB_C_Receptacle_USB2.0_16P,
J3,PinHeader_1x04_P2.54mm_Vertical,1,Conn_01x04,
J4,PinHeader_1x11_P2.54mm_Vertical,1,Conn_01x11_Pin,
J5,PinHeader_2x05_P1.27mm_Vertical,1,Conn_ARM_JTAG_SWD_10,
J6,PinSocket_1x11_P2.54mm_Vertical,1,Conn_01x11_Socket,
R1,0402,1,1k,
"R10, R12, R13, R14, R15, R6",0402,6,470,
"R16, R3, R4",0402,3,5.1k,
"R17, R18, R7",0402,3,6k8,
"R2, R5",0402,2,27,
R9,0402,1,dnf,
"SW1, SW2, SW3",SW_SPST_TL3342,3,SW_Push,
U1,QFN-56-1EP_7x7mm_P0.4mm_EP3.2x3.2mm,1,RP2040,
"U10, U13, U16, U4, U6",SOIC-16_3.9x9.9mm_P1.27mm,5,74HC595,
"U11, U14, U17, U20, U5, U8",SOIC-16_3.9x9.9mm_P1.27mm,6,ULN2003A,
"U12, U15, U18, U7, U9",NUM_IV-9,5,~,
U19,PinHeader_2x04_P2.00mm_Vertical_SMD,1,~,
U2,TO-252-2,1,AZ1117-3.3,
U3,SOIC-8_5.23x5.23mm_P1.27mm,1,W25Q128JVS,
Y1,Crystal_SMD_3225-4Pin_3.2x2.5mm,1,12MHz,
